
[
{
"Title":"Sig.ra",
"name":"Federica",
"middle_name":null,
"last_name":"Branca",
"mobile_phone":"3456547890",
"e-mail_address":"federica.branca@studenti.com",
"data_di_nascita":"2/10/1993",
"luogo_di_nascita":"Caserta",
"Residenza":"Roma",
"colori_preferiti":["blu","verde"]
},


{
"Title":"Sig.ra",
"name":"Martina",
"middle_name":null,
"last_name":"Albano",
"mobile_phone":"323548850",
"e-mail_address":"martina.albano@studenti.com",
"data_di_nascita":"21/09/1997",
"luogo_di_nascita":"Napoli",
"Residenza":"Napoli",
"colori_preferiti":["rosso","arancione","giallo"]
},


{
"Title":"Sig.ra",
"name":"Margot",
"middle_name":null,
"last_name":"Stefanetti",
"mobile_phone":"3256790520",
"e-mail_address":"margot.stefanetti@studenti.com",
"data_di_nascita":"13/105/1998",
"luogo_di_nascita":"Parma",
"Residenza":"Parma",
"colori_preferiti":["rosa","rosso"]
},


{
"Title":"Sig.ra",
"name":"Sandra",
"middle_name":null,
"last_name":"Painstil",
"mobile_phone":"3235242320",
"e-mail_address":"sandra.painstil@studenti.com",
"data_di_nascita":"12/11/1990",
"luogo_di_nascita":"Milano",
"Residenza":"Padova",
"colori_preferiti":"verde"
},


{
"Title":"Sig",
"name":"Marco",
"middle_name":null,
"last_name":"Rossi",
"mobile_phone":"3285322520",
"e-mail_address":"marco.rossi@studenti.com",
"data_di_nascita":"22/04/1989",
"luogo_di_nascita":"Roma",
"Residenza":"Roma",
"colori_preferiti":"verde"
}
]